{
    "mse": 0.17763572963593505,
    "rmse": 0.42146853931928896,
    "r2": 0.7914412859197792,
    "mape": 2.847906032918994
}