{
    "mse": 0.17771796017859148,
    "rmse": 0.4215660804412417,
    "r2": 0.791344740611751,
    "mape": 2.8494149763454475
}