{
    "mse": 0.1776357296359351,
    "rmse": 0.42146853931928907,
    "r2": 0.7914412859197792,
    "mape": 2.847906032918994
}